file,oracle_cosim,reverse_oracle_cosim,function_node_id,function_size,program_size,function_ratio,actual,predicted,confidence_score
live_test/github_java/sort_function/1/95.java,0.021265788261096635,0.08800875882200083,213,155,536,0.2891791044776119,1,1,0.7875311 0.00018534879 0.00027752251 0.1542962 0.04045348 0.00921803 0.006115326 0.00023387084 0.0010725242 0.00061660993
live_test/github_java/sort_function/1/6.java,0.11734868761311543,0.060417081853258586,181,152,183,0.8306010928961749,1,1,0.96808887 1.910306e-06 1.2011037e-06 0.000859585 0.004500374 7.3206756e-06 0.026507843 8.869143e-06 8.518454e-06 1.5586522e-05
live_test/github_java/sort_function/1/112.java,nan,0.14024244701916813,None,1,342,0.0029239766081871343,1,5,0.23020491 2.6611935e-05 1.4599377e-05 0.0057189083 0.7603713 6.698316e-05 9.486249e-05 4.2540636e-05 0.0001109352 0.003348353
live_test/github_java/sort_function/1/115.java,nan,0.11810842415607517,None,1,317,0.0031545741324921135,1,1,0.91404545 1.3378238e-06 8.632575e-07 0.0002728588 0.085531406 4.20274e-06 0.000113775066 2.5193472e-06 3.977515e-06 2.3684226e-05
live_test/github_java/sort_function/1/109.java,0.030347553809224388,0.08369018894389661,65,45,263,0.17110266159695817,1,2,0.0032836993 0.893833 4.521011e-05 8.6378495e-05 2.362601e-05 0.007674238 0.001223983 0.08479214 0.0087143695 0.00032333622
live_test/github_java/sort_function/1/24.java,0.12227416274535902,0.0015969641572040974,167,140,169,0.8284023668639053,1,1,0.9900946 5.3396537e-08 1.5406885e-08 9.695231e-05 6.591546e-05 5.486502e-08 0.009740309 1.8590297e-06 8.550092e-08 2.9729358e-07
live_test/github_java/sort_function/1/12.java,0.11138002687900486,0.049803178700159885,209,187,211,0.8862559241706162,1,1,0.99490064 1.7552782e-07 6.1696376e-08 0.0032133001 0.0015645036 5.2358115e-07 0.00031824672 9.845322e-07 2.7811828e-07 1.3786675e-06
live_test/github_java/sort_function/1/44.java,0.12089384569895541,0.0014553424869215477,175,155,177,0.8757062146892656,1,1,0.9372767 2.1967325e-07 4.409962e-08 0.0002656657 0.000799539 2.3043437e-07 0.06165371 2.0368807e-06 8.420198e-07 9.975611e-07
live_test/github_java/sort_function/1/30.java,0.10268149729278658,0.04554882965755727,222,200,224,0.8928571428571429,1,1,0.98572344 8.496023e-07 3.4368605e-07 0.001439614 0.0035102933 1.6362167e-06 0.009308539 6.8731183e-06 2.4454723e-06 5.9476324e-06
live_test/github_java/sort_function/1/102.java,0.12457943328834668,0.00043215688303074754,254,220,256,0.859375,1,1,0.7738881 7.08756e-06 4.1128524e-07 0.18647493 0.0073905466 4.367006e-06 0.001827023 0.021914713 5.5984045e-05 0.008436829
live_test/github_java/sort_function/1/108.java,0.14353155389937797,0.04580541918545812,252,127,254,0.5,1,9,4.3938513e-08 2.9393544e-07 8.701078e-08 1.5207185e-07 8.9410154e-05 1.0109284e-07 7.8545614e-05 2.8569818e-07 0.9998311 4.8790014e-08
live_test/github_java/sort_function/1/92.java,0.02349764618178615,0.22654007583874206,365,348,367,0.9482288828337875,1,2,0.0018307749 0.8892151 0.00078789366 0.0010871352 8.9581066e-05 0.012961406 0.07696503 0.01605666 0.00012642053 0.0008799599
live_test/github_java/sort_function/1/63.java,0.12847034080737568,0.01882782214635082,208,186,210,0.8857142857142857,1,1,0.53276086 0.3619945 2.769087e-05 0.00022874642 0.00057566323 0.0023936646 0.10050345 0.00020914589 0.00041137246 0.00089490437
live_test/github_java/sort_function/1/76.java,0.18077276215021515,0.0032413106613881156,149,127,243,0.522633744855967,1,7,0.008822076 0.04354201 9.8115226e-05 0.00088908867 0.016389284 0.0008970041 0.9268861 0.0015698872 0.00013591314 0.0007706226
live_test/github_java/sort_function/1/61.java,0.19232961398577963,0.002285688695622948,166,139,168,0.8273809523809523,1,7,0.0019329855 0.36236867 0.00035170908 0.0034196477 0.04399758 0.0014650312 0.48713484 0.09786597 0.00074987055 0.00071377854
live_test/github_java/sort_function/1/16.java,0.10515145959366484,0.0629574380198722,174,147,176,0.8352272727272727,1,1,0.992431 3.6377142e-07 3.1667702e-07 0.005024361 0.0012116311 1.6265288e-06 0.0013239828 2.64314e-06 8.989573e-07 3.299435e-06
live_test/github_java/sort_function/1/20.java,0.17383192453863142,0.019357409092908954,158,133,252,0.5277777777777778,1,7,0.03366115 0.04132131 0.00056098757 0.0033138394 0.044222634 0.0044574197 0.8643147 0.0041678622 0.0005834844 0.0033966384
live_test/github_java/sort_function/1/103.java,0.1332203652875441,0.04826710728499584,161,149,267,0.5580524344569289,1,1,0.9920724 6.576536e-07 9.2713424e-07 0.00018366487 0.007709706 5.3725516e-06 1.911342e-05 6.648875e-07 7.3272724e-07 6.6955204e-06
live_test/github_java/sort_function/1/97.java,0.12351933231604725,0.15110790548191147,196,171,198,0.8636363636363636,1,1,0.9225562 2.4805374e-06 8.784729e-06 1.6369251e-05 0.075383924 0.00014775537 0.0018328516 1.0069259e-06 1.4991475e-05 3.5620287e-05
live_test/github_java/sort_function/2/106.java,nan,0.0745248027968288,None,1,580,0.0017241379310344827,2,2,1.791493e-07 0.9999964 6.7838904e-08 2.5208948e-08 3.2347206e-08 3.9656652e-07 1.6253576e-07 2.0813386e-06 6.745399e-09 5.703526e-07
live_test/github_java/sort_function/2/91.java,0.01746191338769264,0.08088023666907698,81,59,651,0.09062980030721966,2,2,1.4086741e-05 0.9976987 1.3312381e-05 2.2285317e-06 3.2385265e-06 2.0066027e-05 0.0013064212 0.0009329648 1.0934015e-06 7.882708e-06
live_test/github_java/sort_function/2/15.java,0.00040283878241190044,0.04456323879212265,614,106,616,0.17207792207792208,2,2,4.152863e-12 0.9989046 0.0010953408 1.3198588e-13 7.943171e-14 7.3833256e-08 6.0730904e-12 2.465016e-10 3.029778e-14 3.6015173e-12
live_test/github_java/sort_function/2/22.java,0.0012989289177535704,0.04933832824728803,117,90,888,0.10135135135135136,2,2,1.5892924e-08 0.76704687 8.950375e-09 2.067528e-09 4.194012e-09 0.23295051 1.7576705e-08 1.0475031e-08 2.2164288e-06 3.3043955e-07
live_test/github_java/sort_function/2/46.java,0.006557771877331164,0.07032856506739751,246,223,533,0.41838649155722324,2,8,8.347133e-09 4.4207252e-05 1.7398179e-08 3.0242266e-09 2.1090842e-10 4.9814065e-07 7.692394e-09 0.9999553 1.0938368e-09 4.21703e-09
live_test/github_java/sort_function/2/70.java,0.004379214625935254,0.05465855748721817,72,52,657,0.0791476407914764,2,8,2.8189348e-07 0.034836683 1.5932436e-07 0.0012048143 1.9455008e-08 0.020883393 2.547373e-07 0.94307363 1.0793933e-07 6.4970527e-07
live_test/github_java/sort_function/2/12.java,0.00741437255438771,0.06823452567761012,548,123,647,0.1901081916537867,2,2,4.7850037e-08 0.99666214 4.987427e-08 6.201672e-09 2.0957788e-08 0.003337311 8.2622115e-08 2.3254287e-08 1.2019935e-07 2.760263e-07
live_test/github_java/sort_function/2/5.java,0.019121338581064504,0.0658754327900329,172,152,525,0.2895238095238095,2,2,0.00016982247 0.8617609 3.9463802e-07 6.5053484e-08 2.0645357e-06 2.1932335e-06 8.8196975e-05 1.5488463e-07 2.2203068e-07 0.13797605
live_test/github_java/sort_function/2/33.java,0.0011719844656623837,0.045283636289448786,154,48,635,0.07559055118110236,2,2,7.1059955e-12 0.999956 4.3933804e-05 1.12563584e-13 9.359782e-14 2.5969054e-08 7.3664885e-10 7.85101e-11 3.399348e-14 2.0330692e-12
live_test/github_java/sort_function/2/42.java,0.00048776635473054175,0.044611022111419645,614,106,616,0.17207792207792208,2,2,3.2712838e-13 0.99873334 0.001266705 1.1942295e-14 5.249243e-15 1.737924e-08 2.1615776e-12 5.538715e-11 2.0968167e-15 2.4676563e-13
live_test/github_java/sort_function/2/19.java,0.00019191800546940034,0.045173904862230094,71,51,608,0.08388157894736842,2,2,1.9087129e-06 0.8172879 0.0073353215 6.158504e-08 4.9941695e-09 1.846152e-05 0.00034362913 0.1750122 3.5489833e-09 5.506238e-07
live_test/github_java/sort_function/2/71.java,0.08846577433573172,0.10576867037501475,120,98,564,0.17375886524822695,2,2,0.00031231315 0.5641304 0.00029175822 0.012935376 0.000951848 0.00072750147 0.00090164674 0.4192517 0.0003911504 0.00010616869
live_test/github_java/sort_function/2/7.java,0.01794384646620031,0.06153072352907881,321,298,628,0.4745222929936306,2,2,6.8966125e-05 0.98588204 0.0013652996 2.4413833e-07 2.6589074e-08 3.5129794e-06 0.0016456058 0.011033566 1.4512615e-08 6.4412916e-07
live_test/github_java/sort_function/2/125.java,0.0004188489629942365,0.04503512857978605,257,76,666,0.11411411411411411,2,2,2.059673e-08 0.9992163 0.0006386594 3.17645e-10 3.7888492e-10 0.00014079198 4.14337e-06 1.2865328e-08 2.6458152e-10 1.8011e-08
live_test/github_java/sort_function/2/89.java,0.0034231926521844243,0.045273854236090136,137,115,671,0.17138599105812222,2,2,1.3747748e-11 0.9999399 6.0119557e-05 1.5953004e-13 1.2887757e-13 2.2035008e-08 1.5275691e-09 1.2192689e-10 4.9507463e-14 2.9497346e-12
live_test/github_java/sort_function/2/101.java,0.00741437255438771,0.06823452567761012,548,123,647,0.1901081916537867,2,2,4.7850037e-08 0.99666214 4.987427e-08 6.201672e-09 2.0957788e-08 0.003337311 8.2622115e-08 2.3254287e-08 1.2019935e-07 2.760263e-07
live_test/github_java/sort_function/2/63.java,0.0010847319436039292,0.05797644016443878,122,98,408,0.24019607843137256,2,2,8.884786e-09 0.99942195 0.0005272385 7.525886e-11 9.6739956e-11 4.4401084e-05 6.3849843e-06 4.1082653e-09 6.113987e-11 7.720826e-09
live_test/github_java/sort_function/2/76.java,0.057744557365766995,0.07575828542363679,561,106,563,0.1882770870337478,2,2,1.9337476e-05 0.9992884 5.3664753e-06 7.320825e-06 2.509843e-05 0.0004824596 6.603444e-05 4.546694e-05 3.9674902e-05 2.0979307e-05
live_test/github_java/sort_function/2/29.java,0.0076678468715712066,0.07272775706271939,274,251,672,0.37351190476190477,2,2,9.793973e-06 0.8762955 0.077391274 2.224167e-06 3.13258e-07 0.039149545 3.3014476e-06 0.0069211256 4.375445e-07 0.00022645554
live_test/github_java/sort_function/2/21.java,0.04795624983633153,0.08391012746366028,129,107,633,0.16903633491311215,2,6,0.00020557593 0.00930119 0.00013749099 0.00044463278 0.0001768095 0.8404593 8.541277e-05 0.032571863 0.116480246 0.00013756628
live_test/github_java/sort_function/3/82.java,2.4522625719093936e-05,0.05490969411070684,576,6,623,0.009630818619582664,3,3,0.00018058212 5.6426103e-07 0.99899036 1.9340291e-08 0.000317493 2.2910934e-05 0.00048670743 1.8156815e-08 9.90941e-07 4.9027165e-07
live_test/github_java/sort_function/3/78.java,0.026187664030381683,0.1068487788752948,542,263,570,0.4614035087719298,3,3,0.00080543413 1.2743975e-05 0.99772674 2.9511746e-06 5.4806424e-05 0.0012368435 0.000104964885 2.5337617e-06 1.7612669e-05 3.532173e-05
live_test/github_java/sort_function/3/87.java,0.045396935316039104,0.126523615918965,417,116,422,0.27488151658767773,3,3,0.0046012904 0.0015441809 0.751456 0.0004052071 0.009338327 0.10171491 0.00397171 0.00044170444 0.05673544 0.06979119
live_test/github_java/sort_function/3/109.java,0.011929933510747198,0.0698920552074707,251,132,521,0.2533589251439539,3,3,0.0017183663 1.883923e-05 0.9622887 5.6362e-07 0.0006959978 0.00022658263 0.035012424 1.1185376e-06 2.3130899e-05 1.4261898e-05
live_test/github_java/sort_function/3/67.java,0.005355374539827316,0.053159029237147916,1224,162,1830,0.08852459016393442,3,3,6.345521e-08 1.346746e-05 0.99569076 1.3923045e-07 3.925808e-08 0.004295288 4.2737152e-08 7.073217e-08 4.8554433e-08 6.473749e-08
live_test/github_java/sort_function/3/58.java,0.009059615627543588,0.12522859119962804,558,478,563,0.8490230905861457,3,3,1.2911724e-07 3.1471165e-05 0.9998246 1.0939634e-08 7.63947e-09 9.488101e-05 5.0368026e-08 4.851842e-05 4.2020436e-09 4.2794574e-07
live_test/github_java/sort_function/3/113.java,0.004265111446032236,0.08457933155371025,206,13,537,0.024208566108007448,3,3,7.4461106e-08 4.1932478e-07 0.9359486 5.0100007e-05 8.208614e-08 0.06398885 2.9553856e-08 6.9374223e-06 4.583957e-06 2.784159e-07
live_test/github_java/sort_function/3/105.java,nan,0.09871407695058897,None,1,801,0.0012484394506866417,3,3,9.985102e-05 3.2701835e-05 0.70665145 0.06679205 3.9136732e-05 0.22573534 1.0381818e-05 7.087476e-05 2.7166392e-05 0.00054099417
live_test/github_java/sort_function/3/19.java,nan,0.05878370959455756,None,1,1001,0.000999000999000999,3,6,0.0040665176 9.591446e-06 0.2391781 1.8966945e-06 8.033807e-05 0.75586104 1.1226644e-05 5.3344104e-07 0.00077407906 1.6645236e-05
live_test/github_java/sort_function/3/36.java,0.159632526531165,0.15965708057686315,166,149,168,0.8869047619047619,3,9,4.6516066e-06 6.066399e-06 3.934038e-06 1.1734013e-06 0.021168364 5.8710316e-06 2.3681252e-05 7.5069255e-07 0.9695813 0.009204199
live_test/github_java/sort_function/3/41.java,0.016116406012651935,0.07835376899483856,1164,584,1583,0.36891977258370184,3,3,0.019189334 0.036670342 0.49309435 0.03290231 0.018571831 0.28953815 0.009056626 0.008154856 0.07447145 0.0183507
live_test/github_java/sort_function/3/74.java,0.013809758917639138,0.08579889454448371,317,150,553,0.27124773960216997,3,3,4.256033e-08 8.290067e-06 0.99769694 1.1365685e-08 8.865509e-09 0.0022946524 3.9008057e-08 3.6050555e-08 3.5728824e-08 7.521123e-08
live_test/github_java/sort_function/3/79.java,0.028533064089689437,0.08332853764925632,389,129,394,0.32741116751269034,3,3,8.2186466e-07 9.28301e-07 0.82580566 3.0239858e-06 3.5122682e-07 0.17389545 2.0383979e-07 2.103562e-06 0.00028999275 1.545827e-06
live_test/github_java/sort_function/3/85.java,0.002193019872161213,0.06342734091321789,791,13,796,0.016331658291457288,3,3,1.2866558e-09 8.02181e-10 0.98227066 1.4549254e-08 5.009457e-10 0.017729381 8.886497e-11 9.79557e-10 1.7993939e-09 1.9414088e-09
live_test/github_java/sort_function/3/9.java,0.0036982638556622718,0.07282531516929183,408,108,643,0.16796267496111975,3,3,0.0015302496 0.0002695043 0.9791408 5.202079e-06 8.628477e-05 0.007905615 0.010899723 2.027228e-05 9.1946145e-05 5.039766e-05
live_test/github_java/sort_function/3/16.java,0.07942262221426995,0.05259841640074705,343,320,345,0.927536231884058,3,9,0.09011396 0.14391422 0.08146403 0.08627558 0.0886556 0.064390995 0.096561775 0.035605077 0.23369314 0.07932559
live_test/github_java/sort_function/3/20.java,0.01472612409886016,0.08184964421710196,454,212,631,0.3359746434231379,3,3,6.015376e-08 1.5394751e-05 0.99090344 2.5191062e-08 1.4350669e-08 0.009080666 6.332017e-08 6.457645e-08 8.849951e-08 8.326995e-08
live_test/github_java/sort_function/3/97.java,0.03894095217205243,0.09616345564410493,379,183,563,0.325044404973357,3,3,4.885627e-08 1.2405127e-07 0.99724567 2.541217e-07 3.6429608e-08 0.0027535371 1.723756e-08 1.3085892e-07 9.748232e-08 1.2928886e-07
live_test/github_java/sort_function/4/14.java,0.00923503891000948,0.06900757760259607,188,127,705,0.18014184397163122,4,4,6.9631446e-06 1.6167447e-06 9.625754e-07 0.9998517 8.152834e-05 3.2082114e-06 2.2956738e-06 1.1302159e-05 3.6697027e-05 3.6830763e-06
live_test/github_java/sort_function/4/106.java,0.00706114448578962,0.10055620998041336,195,175,709,0.2468265162200282,4,4,0.0021350114 0.0014046115 0.0001242286 0.94717574 0.00139652 0.0059475196 0.0059604375 0.034308523 0.001219402 0.00032807817
live_test/github_java/sort_function/4/6.java,0.034704474153112376,0.09885297408664893,558,252,563,0.44760213143872113,4,4,8.793267e-07 1.490252e-08 8.891117e-09 0.9999968 1.6147786e-06 1.6882396e-07 1.8255007e-07 7.019531e-08 1.3492347e-07 1.6957452e-08
live_test/github_java/sort_function/4/10.java,0.01396815573530783,0.08999275526543317,464,25,782,0.0319693094629156,4,6,0.009446154 0.006610872 0.0066583166 0.14912713 0.00931841 0.787638 0.0049319733 0.008453592 0.0134855155 0.0043300427
live_test/github_java/sort_function/4/35.java,0.009406102609555522,0.06080832068881238,149,127,747,0.17001338688085676,4,4,9.332466e-07 2.8301582e-07 5.986804e-08 0.9998832 4.833528e-05 2.5930402e-07 3.602106e-07 3.4799858e-05 3.1146057e-05 5.18867e-07
live_test/github_java/sort_function/4/87.java,0.008875560683475225,0.06556072534125772,153,127,754,0.16843501326259946,4,4,1.4488309e-07 6.443419e-08 2.8303294e-08 0.9999938 2.9037906e-07 1.1145021e-07 5.0081955e-08 5.1526467e-06 3.9923617e-07 9.3602885e-08
live_test/github_java/sort_function/4/70.java,0.0006406212087519783,0.07446015420879032,515,25,722,0.03462603878116344,4,4,6.7916406e-09 3.4426368e-09 1.052114e-09 1.0 9.615766e-09 1.6711873e-08 5.3559317e-09 7.727384e-09 9.98677e-09 1.0972688e-09
live_test/github_java/sort_function/4/25.java,nan,0.07588308711001947,None,1,765,0.00130718954248366,4,6,1.3359467e-05 0.105889514 7.647255e-06 7.57448e-07 1.2736555e-06 0.8872838 9.165419e-05 1.2407441e-05 1.1703457e-06 0.006698454
live_test/github_java/sort_function/4/64.java,0.07191080059155239,0.06972981419503387,472,175,477,0.3668763102725367,4,4,5.7660237e-09 1.8171618e-09 1.1818545e-09 0.9999999 1.1367631e-08 1.1042123e-08 4.4847637e-09 1.42789425e-08 1.2443162e-07 1.0766162e-09
live_test/github_java/sort_function/4/3.java,0.015035304549796187,0.10913337765846395,116,94,513,0.18323586744639375,4,4,3.9860802e-07 7.6223205e-07 2.4830968e-07 0.9963953 8.9349845e-07 1.6860107e-05 2.4393646e-07 0.0004049605 0.003180197 2.6170886e-07
live_test/github_java/sort_function/4/55.java,nan,0.07864856283294759,None,1,562,0.0017793594306049821,4,4,0.00036240017 5.472434e-06 4.476159e-06 0.99931216 1.9838708e-05 3.1204447e-05 3.8064332e-05 0.00020287595 1.835092e-05 5.1593634e-06
live_test/github_java/sort_function/4/8.java,0.1008993111192557,0.010866206527387902,679,618,684,0.9035087719298246,4,4,1.3831495e-05 1.15149184e-07 3.5465145e-08 0.99997246 1.3763763e-06 8.062067e-07 9.978027e-06 7.3065894e-07 4.7384415e-07 1.4386676e-07
live_test/github_java/sort_function/4/102.java,0.009578344753577578,0.12764150483626718,587,275,589,0.466893039049236,4,1,0.44007152 0.09259339 0.0055571287 0.04708313 0.038611162 0.14539349 0.052417424 0.074809074 0.048347417 0.055116247
live_test/github_java/sort_function/4/89.java,0.006959893256172782,0.07160048649817416,371,185,749,0.24699599465954605,4,6,3.655676e-09 1.7729357e-09 2.8956341e-05 5.003641e-09 2.7503744e-09 0.99996376 3.9701956e-10 2.8046943e-10 6.706341e-07 6.6248135e-06
live_test/github_java/sort_function/4/76.java,0.0072490952492167094,0.10777489724429484,251,131,630,0.20793650793650795,4,4,0.0014281328 0.00041174924 0.001032191 0.9507956 0.0012852483 0.03766525 0.0009065959 0.0007049821 0.00545552 0.00031465563
live_test/github_java/sort_function/4/2.java,0.017103693147594724,0.12029534653204386,499,99,501,0.19760479041916168,4,4,0.00018249004 0.00020186538 2.2891376e-05 0.96008813 0.0002915785 0.002576527 0.000115418734 0.025893457 0.01055058 7.6908334e-05
live_test/github_java/sort_function/4/120.java,0.08699603316778673,0.037748616698606345,793,741,1068,0.6938202247191011,4,4,0.028645756 0.008495883 0.0019211685 0.71900856 0.005479363 0.0415061 0.17093083 0.01697642 0.0023393533 0.0046965773
live_test/github_java/sort_function/4/121.java,nan,0.11050275209563032,None,1,441,0.0022675736961451248,4,4,1.2464227e-07 1.4015732e-08 3.2644958e-09 0.9999987 1.10690216e-07 4.3571212e-08 1.9904033e-07 6.6952776e-07 1.09527996e-07 9.561072e-09
live_test/github_java/sort_function/4/100.java,nan,0.0952361145487455,None,1,686,0.0014577259475218659,4,4,5.3480373e-05 5.2658717e-05 2.8433402e-05 0.9983297 5.6055287e-05 0.00072705874 1.622517e-05 0.00035553382 0.00035234392 2.850992e-05
live_test/github_java/sort_function/4/9.java,0.007743128653204595,0.09357745971124237,946,95,1148,0.08275261324041812,4,4,2.2488214e-06 9.5193485e-07 8.0572295e-07 0.9999149 1.5037105e-06 4.1116607e-05 1.6537109e-06 3.5055047e-05 1.3606921e-06 4.6650263e-07
live_test/github_java/sort_function/4/103.java,0.07155525201384681,0.08403624942539857,167,145,430,0.3372093023255814,4,4,1.7041633e-07 4.3907168e-08 1.2933662e-08 0.9999968 2.6659137e-07 1.9628854e-07 1.9874423e-07 2.6267935e-07 2.1667618e-06 2.0213358e-08
live_test/github_java/sort_function/5/88.java,0.1429429861530288,0.15920714065115826,256,236,258,0.9147286821705426,5,5,0.002131826 6.6892477e-07 7.514514e-07 1.3948905e-06 0.9966306 5.9381105e-06 6.236344e-05 9.3340944e-08 1.3824136e-05 0.0011525035
live_test/github_java/sort_function/5/82.java,nan,0.07637111461254642,None,1,287,0.003484320557491289,5,1,0.87869346 3.7148477e-06 0.029949544 1.6141226e-07 0.04209113 0.00090712105 0.047745652 7.7068776e-08 0.00060360186 5.4847987e-06
live_test/github_java/sort_function/5/81.java,0.16536509558626597,0.001887270191933741,234,200,236,0.847457627118644,5,5,0.29301286 2.3641294e-06 6.695789e-06 1.253715e-05 0.70576614 0.0005534856 0.00045279955 4.4086468e-07 1.752009e-05 0.00017510542
live_test/github_java/sort_function/5/134.java,0.031083368753405678,0.2109480550710076,254,234,256,0.9140625,5,10,0.0006035332 3.1869196e-05 0.00012004882 2.18171e-06 5.9449903e-05 0.00083570904 0.016425012 5.4821667e-06 5.755489e-06 0.981911
live_test/github_java/sort_function/5/35.java,0.16157263868590419,0.08028609774759585,107,97,223,0.4349775784753363,5,5,0.00094669894 2.2019545e-05 1.172707e-05 7.080467e-05 0.45613077 6.133597e-05 0.4269855 1.5076277e-05 0.11565427 0.0001017428
live_test/github_java/sort_function/5/78.java,0.09589576061033862,0.1929806822531959,201,183,203,0.9014778325123153,5,5,0.26871794 7.383653e-06 1.943016e-05 2.9594752e-05 0.7254683 0.0035939491 0.0016194596 1.2569825e-06 7.3263924e-05 0.00046937115
live_test/github_java/sort_function/5/47.java,nan,0.1712175848243463,None,1,214,0.004672897196261682,5,5,0.021902567 3.0711269e-07 2.965131e-06 1.7767957e-06 0.9757194 7.683765e-06 0.0002861332 1.1436926e-07 1.2366554e-06 0.0020778633
live_test/github_java/sort_function/5/22.java,0.1198318105439598,0.10326786039027173,243,221,245,0.9020408163265307,5,5,9.361771e-05 5.311744e-07 1.0244192e-06 2.581872e-06 0.9998474 2.5489805e-06 9.722173e-06 1.3711205e-07 3.862816e-06 3.8512786e-05
live_test/github_java/sort_function/5/115.java,0.1626410155731936,0.016958291924398124,185,163,279,0.5842293906810035,5,9,7.1483555e-07 1.8181846e-06 7.051814e-07 1.0013667e-06 0.0014480248 2.5130869e-06 0.0006904925 9.65719e-07 0.9978521 1.6375003e-06
live_test/github_java/sort_function/5/24.java,0.15392474108124324,0.11662331885355577,215,179,217,0.8248847926267281,5,5,0.0029265285 0.0012975751 0.002323381 0.005970599 0.8626573 0.059533272 0.0038379685 0.00075137283 0.058542643 0.0021593175
live_test/github_java/sort_function/5/113.java,0.1689896844775427,0.04299188129018642,266,141,268,0.5261194029850746,5,5,4.2054122e-05 2.4512321e-05 1.4872509e-05 5.2584153e-05 0.9718436 2.4503977e-05 0.0052389265 2.383609e-05 0.022718674 1.6339054e-05
live_test/github_java/sort_function/5/34.java,0.2172081109000384,0.005833613925698343,187,165,189,0.873015873015873,5,5,0.11462308 2.2362135e-11 2.2526049e-11 4.2232012e-10 0.8853724 2.0321314e-10 4.5042093e-06 6.6093394e-12 1.3268682e-10 9.0265506e-10
live_test/github_java/sort_function/5/3.java,0.18107630334050698,0.04779990286402988,151,130,244,0.5327868852459017,5,5,9.818814e-05 2.2188033e-05 0.000102107784 8.5479085e-05 0.9973315 0.0001392027 0.0017642643 2.2444226e-05 0.0003098507 0.00012487407
live_test/github_java/sort_function/5/23.java,0.19293911350879772,0.07626941515196432,256,227,258,0.8798449612403101,5,5,0.0014827908 1.7858123e-05 3.6776255e-05 3.3937406e-05 0.99599683 0.000118471595 6.3365704e-05 4.326631e-06 7.103345e-05 0.002174675
live_test/github_java/sort_function/5/105.java,0.22558451758015374,0.005822025546319583,200,180,202,0.8910891089108911,5,5,0.016004346 4.3845436e-10 2.765624e-10 7.543906e-09 0.983988 2.659889e-09 7.673496e-06 1.4829657e-10 3.2790348e-09 8.884334e-09
live_test/github_java/sort_function/5/19.java,0.20626962194120588,0.00617979121278503,209,187,211,0.8862559241706162,5,5,0.087749064 2.7678057e-10 1.5910488e-10 3.6268786e-09 0.9121436 1.6925915e-09 0.0001073308 9.5993484e-11 2.4725098e-09 6.0845697e-09
live_test/github_java/sort_function/5/26.java,nan,0.19744621914812593,None,1,216,0.004629629629629629,5,5,0.03452675 4.5291762e-10 5.6791155e-10 1.9535789e-09 0.965465 3.437248e-09 8.196384e-06 7.902764e-11 4.975297e-09 1.0934829e-08
live_test/github_java/sort_function/5/53.java,0.19493264627120607,0.06301064191001285,162,137,164,0.8353658536585366,5,5,9.939154e-06 4.0946784e-07 3.385562e-07 2.5342051e-06 0.9998512 7.19972e-07 0.00013132997 3.689151e-07 2.5128584e-06 5.737118e-07
live_test/github_java/sort_function/5/77.java,0.1347050056010756,0.14686106045445235,207,182,209,0.8708133971291866,5,1,0.92047095 4.6310092e-07 1.8105303e-06 4.5446072e-06 0.0792002 2.134931e-05 0.0002899686 2.0654151e-07 2.138649e-06 8.349896e-06
live_test/github_java/sort_function/5/29.java,0.2050780467294836,0.007100493921823424,195,168,197,0.8527918781725888,5,5,0.069984786 6.466138e-11 4.3564385e-11 7.679377e-10 0.9299749 4.2685958e-10 4.0340343e-05 1.74571e-11 5.910712e-10 1.9554214e-09
live_test/github_java/sort_function/5/9.java,0.15221822286939285,0.04975768916395705,239,217,241,0.9004149377593361,5,5,0.005197973 7.7678504e-07 8.2908406e-07 1.876756e-06 0.99381715 1.3642113e-05 0.00068835955 1.4681325e-07 2.0717518e-05 0.000258558
live_test/github_java/sort_function/5/62.java,0.21261851561419073,0.04747154822531986,247,208,249,0.8353413654618473,5,5,0.00011858615 1.9303598e-06 2.0488324e-06 5.480174e-06 0.9995179 6.0756965e-06 1.0330782e-05 4.482816e-07 0.00019030678 0.00014688725
live_test/github_java/sort_function/5/119.java,0.13953542205594055,0.06389147212226504,169,147,268,0.5485074626865671,5,9,0.0012871395 0.0011204494 0.0016742704 0.0027317016 0.10849738 0.012573793 0.021087002 0.0009213644 0.8489707 0.0011362075
live_test/github_java/sort_function/5/104.java,0.15392474108124324,0.11662331885355577,215,179,217,0.8248847926267281,5,5,0.0029265285 0.0012975751 0.002323381 0.005970599 0.8626573 0.059533272 0.0038379685 0.00075137283 0.058542643 0.0021593175
live_test/github_java/sort_function/6/88.java,0.00653471101777965,0.09030403079880907,141,73,1204,0.0606312292358804,6,6,1.9742256e-06 1.2777301e-06 1.3391781e-05 2.1555766e-06 8.5537664e-07 0.9999548 3.46962e-07 2.8946306e-07 3.7246728e-06 2.1126758e-05
live_test/github_java/sort_function/6/82.java,2.850571426258384e-05,0.07573587060513577,113,6,526,0.011406844106463879,6,6,1.2707812e-07 0.00021688342 2.186769e-05 6.186961e-09 1.2905905e-08 0.999752 1.07735076e-07 2.9666815e-08 6.580515e-08 8.878008e-06
live_test/github_java/sort_function/6/116.java,0.01891607041043969,0.10084264333651118,528,350,845,0.41420118343195267,6,6,3.3608676e-06 1.5158618e-06 8.189741e-06 6.964739e-07 1.0470918e-06 0.9999553 3.9939482e-07 1.9001446e-07 5.3886024e-06 2.39065e-05
live_test/github_java/sort_function/6/95.java,0.007086841456042758,0.06976175933319251,266,207,732,0.2827868852459016,6,6,7.673996e-09 1.0870246e-05 3.1120748e-09 1.8825783e-09 1.2486447e-09 0.98198557 1.0645813e-09 7.138936e-10 1.9479978e-05 0.017983994
live_test/github_java/sort_function/6/15.java,0.01451943074940658,0.12171873864756713,536,350,824,0.42475728155339804,6,6,0.009904033 0.002084175 0.0022733037 0.0053909593 0.0061648823 0.93524617 0.0013292932 0.0009170881 0.031895448 0.0047946423
live_test/github_java/sort_function/6/22.java,0.06030298323114295,0.019046042556816946,718,696,720,0.9666666666666667,6,6,0.00013872088 6.858048e-06 2.574406e-06 3.4662248e-06 4.313984e-06 0.6172421 5.0869658e-06 6.6374355e-07 9.073073e-06 0.38258716
live_test/github_java/sort_function/6/114.java,0.03708922524431956,0.10948903604211821,266,189,891,0.21212121212121213,6,6,5.0611765e-05 3.051903e-05 0.09584607 3.6824495e-05 4.8061134e-05 0.9035965 1.3250763e-05 7.0974943e-06 4.253975e-05 0.0003285979
live_test/github_java/sort_function/6/87.java,0.05633237326260508,0.017110337255472192,455,416,460,0.9043478260869565,6,6,2.3881935e-07 6.9564326e-06 7.3432846e-09 3.6945136e-09 2.8876481e-09 0.9990441 1.3996399e-08 5.8746106e-09 2.903398e-06 0.0009457708
live_test/github_java/sort_function/6/70.java,0.0014954858031030194,0.0305030876478544,241,217,3098,0.07004519044544867,6,6,4.8822763e-08 3.0280373e-07 0.34152067 0.19772941 1.2598655e-08 0.46037212 1.6440834e-08 0.00037734868 1.2045269e-08 3.6147508e-08
live_test/github_java/sort_function/6/24.java,nan,0.13426709233015838,None,1,235,0.00425531914893617,6,3,0.00033248728 6.298717e-05 0.9796714 7.8484554e-05 0.016635189 0.002284898 0.000360826 2.9607205e-05 0.00038075366 0.00016324298
live_test/github_java/sort_function/6/44.java,0.0009941657420701401,0.09563825219956856,643,66,1126,0.0586145648312611,6,4,0.011024088 0.00049584487 0.00038898867 0.7840604 0.19541895 0.0038002268 0.0009029847 0.0004246518 0.0024244809 0.001059496
live_test/github_java/sort_function/6/111.java,0.01891607041043969,0.10084264333651118,528,350,845,0.41420118343195267,6,6,3.3608676e-06 1.5158618e-06 8.189741e-06 6.964739e-07 1.0470918e-06 0.9999553 3.9939482e-07 1.9001446e-07 5.3886024e-06 2.39065e-05
live_test/github_java/sort_function/6/64.java,0.11761241288461077,0.09504842442763721,377,359,379,0.9472295514511874,6,10,0.047046445 0.0054634986 0.0003230356 0.00067166204 0.007006335 0.024323523 0.2549004 0.00043103896 0.0025752753 0.6572588
live_test/github_java/sort_function/6/30.java,0.019242189522772526,0.10580204456060223,155,107,661,0.16187594553706505,6,6,0.00017786356 2.37892e-06 5.605002e-06 1.0754359e-06 5.2961072e-06 0.99896777 1.4141503e-06 1.584197e-07 0.0001220166 0.0007165008
live_test/github_java/sort_function/6/102.java,0.002018965017010245,0.0537920406703197,1130,513,1261,0.40681998413957177,6,3,0.02721241 0.009194867 0.7529659 1.5217537e-06 0.00010107806 0.010457146 0.19989693 4.097939e-06 0.0001263165 3.9771785e-05
live_test/github_java/sort_function/6/69.java,0.017191215417620923,0.0942001892639069,106,60,507,0.11834319526627218,6,6,6.4096515e-05 1.5078066e-06 0.00036376226 1.8213933e-06 2.2120707e-06 0.9973354 8.479568e-07 4.9750025e-07 3.8251715e-06 0.0022259874
live_test/github_java/sort_function/6/26.java,0.006297424032264271,0.08989463709753949,402,377,635,0.5937007874015748,6,6,6.6594734e-09 0.0004589195 1.10226095e-08 1.391372e-09 5.515611e-10 0.9958689 2.4620532e-09 5.041131e-09 6.972197e-05 0.0036024838
live_test/github_java/sort_function/6/13.java,0.0024482313255627186,0.06376712715338671,299,158,2526,0.0625494853523357,6,4,0.0005387548 0.00011232154 4.465295e-05 0.9936894 0.00022920717 0.00020596632 9.831592e-05 0.0040317313 0.00076666725 0.00028296938
live_test/github_java/sort_function/6/96.java,0.03554642984612072,0.06947015548842343,640,438,645,0.6790697674418604,6,6,1.1765528e-06 0.00212947 1.1870297e-06 4.570081e-08 1.0678337e-07 0.99558276 1.3061887e-06 4.818774e-07 5.989316e-07 0.0022828355
live_test/github_java/sort_function/6/29.java,0.021736138929508948,0.09907949474101818,502,350,707,0.49504950495049505,6,6,3.829791e-06 9.87545e-06 2.460225e-06 2.6416321e-06 1.3625581e-06 0.9997794 1.7838245e-06 1.2893577e-06 5.2418945e-05 0.00014497704
live_test/github_java/sort_function/6/16.java,0.011932157462071605,0.08005145834201677,515,371,621,0.5974235104669887,6,6,0.0011943458 0.1329445 8.036115e-06 4.7174804e-06 4.7015806e-06 0.86365664 2.7007316e-05 2.4002942e-05 0.0012105231 0.00092547666
live_test/github_java/sort_function/6/50.java,0.026896923879366385,0.12867981675989318,569,442,670,0.6597014925373135,6,6,0.0025292742 2.4897668e-05 4.679086e-05 4.3076975e-06 4.5893463e-05 0.9964218 2.865685e-05 2.4177962e-06 0.00079999893 9.583691e-05
live_test/github_java/sort_function/6/104.java,nan,0.19245459044520188,None,1,27,0.037037037037037035,6,2,2.735617e-05 0.999703 1.4954931e-09 1.9940612e-06 6.67258e-08 1.5902312e-07 2.845476e-05 2.078657e-08 0.00023889953 1.3608007e-08
live_test/github_java/sort_function/6/97.java,0.05492823244420685,0.04891202141540275,669,474,674,0.7032640949554896,6,6,3.100225e-06 0.0002134901 1.5683445e-07 7.8495596e-08 9.9757365e-08 0.9989729 3.3872558e-07 1.0333492e-07 8.702051e-05 0.0007226887
live_test/github_java/sort_function/6/117.java,0.0006956148534825232,0.045989248721062054,448,74,2063,0.03587009209888512,6,6,4.981876e-06 6.554178e-05 0.00903795 0.00037623037 1.3898384e-06 0.9863057 1.7411759e-06 0.0041864673 1.20066925e-05 8.053657e-06
live_test/github_java/sort_function/7/52.java,0.010863153976237338,0.20315472834477322,267,245,269,0.9107806691449815,7,7,0.000105577026 3.567436e-05 4.2788556e-06 1.7277729e-09 3.504439e-09 3.36451e-08 0.9998541 1.7005695e-07 1.0094189e-09 1.4251442e-07
live_test/github_java/sort_function/7/106.java,0.015057043020501596,0.20304128240920125,227,205,229,0.8951965065502183,7,7,7.8744226e-05 6.332106e-05 6.6839207e-06 4.4172177e-09 8.599934e-09 6.612858e-08 0.9998503 5.68729e-07 2.5150506e-09 2.0897842e-07
live_test/github_java/sort_function/7/91.java,0.07590077766659786,0.0265875330641853,349,242,354,0.6836158192090396,7,4,0.0027947314 4.4256617e-06 4.0471264e-06 0.99670947 0.00033179697 5.660629e-05 4.6271307e-05 9.6124795e-06 3.598417e-05 7.0407805e-06
live_test/github_java/sort_function/7/132.java,0.1548060790579529,0.15475282389773737,227,209,229,0.9126637554585153,7,1,0.7699401 1.9098998e-05 2.0477673e-05 4.385526e-05 0.019824281 0.00014880224 0.20973459 8.985381e-06 0.00014136171 0.000118435746
live_test/github_java/sort_function/7/15.java,0.009834743937120758,0.2036528647294326,267,245,269,0.9107806691449815,7,7,0.0034927947 0.00454067 0.00018629782 2.1295119e-08 3.1214366e-08 7.648564e-07 0.9917481 3.0055533e-05 9.016905e-09 1.1224737e-06
live_test/github_java/sort_function/7/131.java,0.0589158886646383,0.2644158855985894,386,376,388,0.9690721649484536,7,1,0.58436644 0.18390681 0.0009818748 0.010249281 0.0033863683 0.13038276 0.015441731 0.058149397 0.0052987095 0.0078366855
live_test/github_java/sort_function/7/22.java,0.18450563196911127,0.0048538038495395995,244,224,336,0.6666666666666666,7,9,6.85816e-06 3.3739777e-06 5.31859e-07 1.5904897e-06 0.017609712 2.5874047e-06 0.19781561 1.5480716e-06 0.78455615 1.9730714e-06
live_test/github_java/sort_function/7/40.java,0.1656318182297603,0.036391193889482434,277,248,279,0.8888888888888888,7,5,0.017025832 2.5803206e-07 7.0836876e-07 1.6877487e-06 0.9827266 3.1331545e-06 8.336363e-05 7.2827525e-08 1.3071335e-06 0.00015707624
live_test/github_java/sort_function/7/18.java,0.12235612555079142,0.09126614382388025,305,283,307,0.9218241042345277,7,7,0.007660225 0.0004261943 4.8788545e-05 7.237727e-05 0.0011478065 0.0038732304 0.98359054 6.117733e-05 0.00031190514 0.002807785
live_test/github_java/sort_function/7/87.java,0.08784778913900282,0.17884099612929566,341,331,343,0.9650145772594753,7,1,0.9898307 3.4401106e-05 1.9879399e-05 0.00020560528 0.0032159712 0.00017582125 0.0058740736 3.692633e-05 0.00014957116 0.00045703852
live_test/github_java/sort_function/7/111.java,0.17480440954835522,0.03627313280157142,258,235,402,0.5845771144278606,7,7,0.00014489096 2.359024e-05 9.123055e-06 7.457522e-05 0.015378862 2.645239e-05 0.9841791 5.4941247e-05 8.593524e-05 2.2597613e-05
live_test/github_java/sort_function/7/33.java,0.12199559327226311,0.1526732168929988,256,236,258,0.9147286821705426,7,7,0.00085559353 0.00035915547 0.00028003164 0.00011747969 0.00080727105 0.00046778843 0.995445 0.0003631677 0.00064172025 0.0006627707
live_test/github_java/sort_function/7/64.java,0.17457932470300103,0.10295860806799124,288,275,290,0.9482758620689655,7,7,0.14946179 4.5198735e-06 2.0217924e-06 5.149055e-06 0.38824233 1.0727837e-05 0.46220303 1.1448888e-06 3.879832e-05 3.0570325e-05
live_test/github_java/sort_function/7/71.java,0.13319414658349152,0.11198162674755481,296,259,298,0.8691275167785235,7,10,0.025497464 3.6313424e-05 0.0059600635 7.6016135e-05 0.00010370296 0.004502042 3.4802822e-05 1.2395171e-05 5.296813e-06 0.9637719
live_test/github_java/sort_function/7/32.java,0.08466814417583386,0.04548350293002763,314,253,319,0.7931034482758621,7,7,0.024803443 6.5911794e-05 2.1765894e-05 0.3338332 0.0009630128 0.00051218976 0.6392084 0.00022107076 0.00025810322 0.00011301958
live_test/github_java/sort_function/7/75.java,0.09164111915182623,0.11848541833614135,74,49,388,0.12628865979381443,7,4,0.05701002 0.033042904 0.007531729 0.29622966 0.17226012 0.26527637 0.04803893 0.034421246 0.06209605 0.024093006
live_test/github_java/sort_function/7/53.java,0.014314201775613912,0.08239178788625938,229,207,372,0.5564516129032258,7,7,0.00020827714 0.00053970475 2.4860738e-05 3.7366767e-08 6.2076964e-08 5.4875414e-07 0.999218 7.1688146e-06 2.6659887e-08 1.2424501e-06
live_test/github_java/sort_function/7/85.java,0.038846055323897594,0.1863020927891295,408,386,410,0.9414634146341463,7,7,0.0027095708 5.5187935e-05 2.7498856e-05 7.2205826e-06 9.788595e-06 1.5763293e-05 0.9970751 3.823785e-05 6.0428233e-06 5.5655324e-05
live_test/github_java/sort_function/7/21.java,0.011321468823032595,0.20369367510326644,226,204,228,0.8947368421052632,7,7,3.0405212e-05 5.9358852e-05 5.713177e-06 1.0271789e-09 2.4794102e-09 2.4084231e-08 0.99990416 1.7459377e-07 7.002788e-10 8.205622e-08
live_test/github_java/sort_function/7/90.java,0.015073193491322575,0.08238767250520644,226,204,369,0.5528455284552846,7,7,0.00027489124 0.00047540272 2.486074e-05 4.3225178e-08 7.363517e-08 6.134155e-07 0.9992162 6.458826e-06 2.9168957e-08 1.3916043e-06
live_test/github_java/sort_function/7/16.java,nan,0.08973988057308173,None,1,275,0.0036363636363636364,7,7,1.764918e-05 4.0532254e-06 1.6931823e-05 3.2199418e-07 1.1450138e-06 2.0682473e-06 0.99994564 3.3756305e-06 2.1146941e-07 8.59743e-06
live_test/github_java/sort_function/7/104.java,0.010296583281511727,0.14410716869837345,276,230,278,0.8273381294964028,7,7,0.003264492 0.004045394 0.0001574288 2.0572294e-08 3.0143173e-08 7.208014e-07 0.9925011 2.9761657e-05 8.638009e-09 1.0659156e-06
live_test/github_java/sort_function/7/103.java,0.013976739200999554,0.08239191279107475,236,214,379,0.5646437994722955,7,7,0.00020128425 0.0005453743 2.4832625e-05 3.6741998e-08 6.085316e-08 5.430108e-07 0.99921954 7.1541967e-06 2.6378093e-08 1.2257588e-06
live_test/github_java/sort_function/8/52.java,0.023550724501773236,0.11977072323984204,70,34,740,0.04594594594594595,8,2,2.1308817e-06 0.72318137 9.146807e-06 0.0092219645 9.761127e-05 3.1676384e-05 6.9633975e-06 0.26742 2.80347e-05 1.2050073e-06
live_test/github_java/sort_function/8/6.java,0.009128486552546656,0.08356879378904766,69,47,832,0.056490384615384616,8,6,0.08653997 0.022162048 0.0033948573 0.014974742 0.0018224936 0.8152473 0.0031990763 0.03477322 0.0015115496 0.01637464
live_test/github_java/sort_function/8/35.java,0.01538817522122685,0.06226637973202596,380,89,382,0.23298429319371727,8,8,2.0624732e-06 0.00083924265 0.10030784 4.32343e-07 1.5041797e-07 0.003473451 2.2039264e-06 0.8953711 2.203208e-06 1.3069557e-06
live_test/github_java/sort_function/8/18.java,0.015388168976198546,0.062314105989139154,380,89,382,0.23298429319371727,8,8,2.0970103e-06 0.0008363189 0.098825775 4.4014075e-07 1.532399e-07 0.0034828896 2.2393713e-06 0.8968466 2.2307001e-06 1.3237502e-06
live_test/github_java/sort_function/8/67.java,0.0072367235061833795,0.0727026632347879,89,50,1001,0.04995004995004995,8,8,9.079321e-07 0.09663068 2.2137328e-06 2.5139939e-06 6.476568e-07 1.1042085e-05 2.4285616e-06 0.9026287 0.0007198092 9.678537e-07
live_test/github_java/sort_function/8/34.java,0.014983230583506459,0.0625705495297166,382,94,384,0.24479166666666666,8,8,2.5242057e-06 0.0008909842 0.13140489 4.916616e-07 1.8047642e-07 0.004093904 2.5937761e-06 0.8636004 2.4501492e-06 1.5747042e-06
live_test/github_java/sort_function/8/3.java,nan,0.0658277696037867,None,1,695,0.0014388489208633094,8,8,3.8072963e-07 3.6533248e-07 2.5561346e-07 0.0065751392 3.1023806e-08 8.129036e-07 3.609633e-07 0.99342257 3.6193313e-08 1.0593322e-07
live_test/github_java/sort_function/8/55.java,0.005532996904741808,0.06340570937029344,217,79,593,0.13322091062394603,8,8,6.95339e-07 0.002931654 0.0009660527 2.975535e-07 7.42188e-08 0.0029174993 5.1843455e-07 0.99318177 9.868406e-07 4.154788e-07
live_test/github_java/sort_function/8/42.java,nan,0.06272418295067246,None,1,340,0.0029411764705882353,8,8,2.246002e-09 2.5899345e-09 1.1396109e-09 3.1666212e-09 1.6992942e-10 5.7766902e-09 1.1933787e-07 0.9999999 1.6712595e-09 6.2127756e-09
live_test/github_java/sort_function/8/102.java,0.03542981348002161,0.1562605112184379,351,315,353,0.8923512747875354,8,8,1.6280207e-08 9.56037e-05 1.4012029e-08 8.655432e-08 3.1884082e-09 2.422581e-08 3.5976893e-08 0.99990416 2.1159286e-08 8.258957e-09
live_test/github_java/sort_function/8/26.java,0.045996960744676144,0.07531664794985557,339,305,941,0.3241232731137088,8,8,1.1674256e-06 8.2666906e-05 6.3395186e-07 1.8451831e-07 1.156295e-07 9.592849e-07 4.0680143e-06 0.9999093 6.543845e-07 2.2988873e-07
live_test/github_java/sort_function/8/49.java,0.022114365432273936,0.10828234937511808,314,30,946,0.03171247357293869,8,8,1.0895928e-06 0.023606375 3.9233514e-06 3.750065e-05 1.8852977e-06 1.3831366e-05 2.5129307e-06 0.9763249 7.192191e-06 8.1311447e-07
live_test/github_java/sort_function/8/32.java,0.0712026669869034,0.1098004799916953,121,85,428,0.1985981308411215,8,8,6.710316e-05 0.15044609 9.4074996e-05 0.00020058137 0.00011240312 0.00025020432 0.00023443495 0.848499 5.9594688e-05 3.664596e-05
live_test/github_java/sort_function/8/92.java,0.023447660518431158,0.08012001816284903,169,142,614,0.23127035830618892,8,8,4.789615e-08 1.0300234e-07 3.0214295e-08 0.00045833955 7.793149e-09 9.982749e-06 2.985329e-08 0.99953115 2.6876546e-07 2.7636016e-08
live_test/github_java/sort_function/8/76.java,0.01847670445110782,0.07602674418545842,417,391,814,0.48034398034398035,8,2,3.2649377e-06 0.9922814 1.1043152e-05 1.2331004e-06 7.2477513e-07 0.0031283246 3.925372e-06 0.0044676643 9.9559984e-05 2.961091e-06
live_test/github_java/sort_function/8/77.java,0.03870903107907036,0.10689275967886801,52,30,455,0.06593406593406594,8,8,2.920927e-07 0.00015064659 1.8756084e-06 0.004375973 4.562867e-06 3.681719e-05 6.5122657e-07 0.8699554 0.12547354 1.3241566e-07
live_test/github_java/sort_function/8/120.java,0.03225093640590983,0.07665637382902035,76,54,452,0.11946902654867257,8,8,6.763683e-08 5.09361e-06 5.4214162e-08 7.523977e-08 3.10905e-08 6.306033e-08 1.8973896e-06 0.9999925 1.7437839e-07 4.996396e-08
live_test/github_java/sort_function/8/21.java,0.1799605931918742,0.07489883510886022,164,128,219,0.5844748858447488,8,8,3.0144827e-07 2.6229749e-05 4.2883744e-06 0.14016604 0.084699795 1.392817e-06 5.721506e-06 0.77492315 0.00017288835 1.9043698e-07
live_test/github_java/sort_function/8/121.java,0.0153881754855275,0.06184694302248695,384,89,386,0.23056994818652848,8,8,2.0624782e-06 0.0008403831 0.10023063 4.32476e-07 1.5044215e-07 0.003473966 2.2039928e-06 0.89544666 2.2034526e-06 1.3070672e-06
live_test/github_java/sort_function/8/39.java,0.03718390332165405,0.09193523455462702,64,42,494,0.08502024291497975,8,8,2.585278e-08 9.986489e-05 2.1912146e-07 0.012226826 2.8450297e-06 3.0606632e-06 6.1544476e-08 0.8509294 0.13673775 1.4903e-08
live_test/github_java/sort_function/9/106.java,nan,0.08316539955551241,None,1,325,0.003076923076923077,9,9,1.7771362e-07 2.5734507e-06 6.530584e-08 5.78435e-09 1.661879e-08 0.0052639595 1.5600129e-07 6.1970816e-08 0.9947299 3.02712e-06
live_test/github_java/sort_function/9/88.java,0.05944344063860458,0.18533690714392342,226,204,228,0.8947368421052632,9,9,0.007424823 6.91455e-05 0.000113801136 6.924575e-05 0.013142501 0.11669552 0.08347408 9.35913e-06 0.77813375 0.00086775137
live_test/github_java/sort_function/9/45.java,0.07426114758668687,0.0998900048907336,111,79,340,0.2323529411764706,9,9,7.597077e-06 3.6632166e-05 1.3490171e-05 0.00019458971 2.6934671e-05 0.009549243 7.5907838e-06 0.0023767215 0.98778373 3.5536257e-06
live_test/github_java/sort_function/9/47.java,0.08001560950738287,0.026026725657070142,206,188,208,0.9038461538461539,9,9,1.4689026e-08 5.9076905e-07 4.0550563e-09 1.9378366e-10 5.7885347e-10 0.00019737445 2.9259778e-07 1.0764918e-08 0.9998017 1.4370392e-08
live_test/github_java/sort_function/9/58.java,0.10619831476807592,0.17133137243226496,296,274,298,0.9194630872483222,9,9,0.008986117 0.00013273997 1.7248112e-05 1.1957425e-05 0.0032444007 0.00035802196 0.086072415 1.1859032e-05 0.8988543 0.0023108935
live_test/github_java/sort_function/9/34.java,0.13741260031599123,0.07648341246535215,212,183,214,0.8551401869158879,9,9,0.0001456191 1.1172336e-07 1.2921933e-08 2.821134e-08 0.0010273008 2.6546635e-07 0.43621874 1.358232e-08 0.56260747 4.9358306e-07
live_test/github_java/sort_function/9/3.java,0.13959701711897587,0.025667925859152473,208,186,210,0.8857142857142857,9,5,0.0027020688 1.5064496e-06 2.5053046e-06 3.4259458e-06 0.9930663 2.0286261e-05 0.0036650081 5.1682974e-07 2.074398e-05 0.0005176096
live_test/github_java/sort_function/9/8.java,0.09994037382636994,0.13080959035376952,212,176,300,0.5866666666666667,9,5,0.0003249922 0.0004176084 0.00039896404 0.00097529613 0.9865702 0.00039837568 0.008664542 0.0008713823 0.0009590769 0.00041965372
live_test/github_java/sort_function/9/7.java,0.06811551326565643,0.19216253474032813,209,189,211,0.8957345971563981,9,9,0.0043745413 6.5389424e-05 0.00010713279 5.2619398e-05 0.009561933 0.15884519 0.0321057 8.561371e-06 0.7925942 0.0022846954
live_test/github_java/sort_function/9/36.java,0.05262564603021337,0.18250776866340554,234,209,236,0.885593220338983,9,6,0.0015659608 0.0010404479 0.0017786619 0.00054502854 0.00067215774 0.80856985 0.0019621733 0.00065734406 0.16402742 0.01918101
live_test/github_java/sort_function/9/102.java,nan,0.14181701327322124,None,1,274,0.0036496350364963502,9,9,4.792366e-06 1.6724129e-05 5.931003e-06 7.715336e-06 0.00015340888 9.325556e-06 0.002002006 2.2122491e-05 0.9977749 3.0947922e-06
live_test/github_java/sort_function/9/56.java,0.043771072995728764,0.18602358637936078,247,222,249,0.891566265060241,9,6,0.0047767106 0.0023559388 0.21310306 0.00073757244 0.0013428831 0.7621226 0.0037654203 0.0027424586 0.004903111 0.0041502365
live_test/github_java/sort_function/9/83_function.java,0.08638021064719066,0.0004652916546654895,196,174,198,0.8787878787878788,9,9,3.0503085e-08 6.221825e-07 2.2306563e-09 1.3077203e-10 5.069253e-10 2.8285243e-05 6.0790126e-07 1.0285435e-08 0.99997044 1.0836741e-08
live_test/github_java/sort_function/9/48.java,0.0872715139721138,0.000465273917568444,195,173,197,0.8781725888324873,9,9,4.4084384e-08 7.7803026e-07 3.3064547e-09 1.975933e-10 7.505953e-10 3.64279e-05 6.6956835e-07 1.45575205e-08 0.9999621 1.5839909e-08
live_test/github_java/sort_function/9/90.java,0.08230030784339944,0.00046548332932092946,205,183,207,0.8840579710144928,9,9,4.8983786e-09 3.9661433e-07 7.257829e-10 3.601776e-11 1.287997e-10 1.1246991e-05 2.0576218e-07 3.726916e-09 0.9999882 3.3737189e-09
live_test/github_java/sort_function/9/9.java,0.08093779980435395,0.0078046990526153106,211,186,213,0.8732394366197183,9,9,7.649409e-09 3.747834e-07 1.2464664e-09 5.994027e-11 2.043961e-10 2.4813025e-05 2.3541166e-07 5.0743454e-09 0.9999746 5.2848343e-09
live_test/github_java/sort_function/9/62.java,0.08344498779927162,0.0334504280399356,220,197,222,0.8873873873873874,9,9,0.00037977705 0.035689343 2.8173338e-06 6.215683e-06 7.6015076e-06 0.0011199625 0.000386367 1.6299206e-05 0.9623739 1.7800121e-05
live_test/github_java/sort_function/9/110.java,0.03202605544432385,0.20361769397133556,300,280,302,0.9271523178807947,9,9,8.5909896e-08 1.8586347e-07 1.681561e-07 2.8357325e-08 8.469236e-08 0.39953366 1.5493748e-07 2.144205e-08 0.6002878 0.00017782173
live_test/github_java/sort_function/10/84.java,0.012703080574097008,0.20330374897606604,444,422,446,0.9461883408071748,10,10,4.006265e-05 0.024217183 2.9970717e-08 4.2728804e-08 4.3760362e-08 0.23941448 1.2837279e-07 1.0354852e-07 0.0011825642 0.73514533
live_test/github_java/sort_function/10/95.java,0.02486144947671582,0.2017265763340254,490,468,492,0.9512195121951219,10,10,4.4212825e-06 0.002529522 1.0528346e-07 4.0038454e-08 1.0660663e-07 0.006713822 9.067869e-08 5.8889157e-08 0.000452173 0.9902997
live_test/github_java/sort_function/10/10.java,0.019317207647379517,0.20297146204847194,397,375,399,0.9398496240601504,10,10,4.9673834e-11 5.0159207e-07 1.5888527e-11 9.872545e-12 1.1299148e-11 0.0010769578 5.0394315e-12 2.7026198e-12 3.3861795e-07 0.9989222
live_test/github_java/sort_function/10/15.java,0.035920012053509344,0.10810557159477384,281,259,401,0.6458852867830424,10,10,1.3240871e-06 5.806193e-06 1.4745368e-07 1.7530007e-07 5.5767816e-07 0.047460955 4.5522313e-07 4.2627217e-08 0.26139826 0.6911323
live_test/github_java/sort_function/10/40.java,0.01634839712225462,0.17917473861586486,269,240,271,0.8856088560885609,10,10,1.692483e-10 3.8932604e-09 3.3001143e-11 5.698737e-11 5.462847e-11 0.0032211784 2.2210627e-11 9.6006016e-12 0.00027789158 0.99650097
live_test/github_java/sort_function/10/24.java,0.008519266134855999,0.19214246843068467,657,632,659,0.9590288315629742,10,2,2.9801917e-05 0.6868619 1.484082e-05 3.7893296e-06 2.975337e-06 0.2518855 1.384746e-05 0.002186552 5.489617e-06 0.058995284
live_test/github_java/sort_function/10/12.java,0.01703273869143765,0.20331865700651156,298,276,300,0.92,10,10,5.284324e-10 3.3177454e-07 4.8031037e-11 1.07457127e-10 1.5200054e-10 0.003046353 1.1554354e-10 2.8073922e-11 0.0067387484 0.9902146
live_test/github_java/sort_function/10/54.java,0.044718859140316106,0.15931893933726965,247,209,249,0.8393574297188755,10,10,6.3048433e-09 1.22721895e-08 4.7013506e-05 5.458271e-09 1.7736678e-09 0.00086540077 9.622777e-10 5.3536686e-09 6.5886807e-09 0.9990876
live_test/github_java/sort_function/10/111.java,0.008952222015410868,0.08082701093571969,518,348,1091,0.31897341888175984,10,6,4.4384367e-05 0.0001730488 6.825622e-06 5.864069e-07 6.1352703e-06 0.9989637 2.1142412e-06 9.2470475e-07 0.00013812161 0.00066417124
live_test/github_java/sort_function/10/19.java,0.02825879255053384,0.09777062351350353,331,308,453,0.6799116997792495,10,10,2.4286669e-08 7.2099397e-07 3.0149835e-07 9.314786e-09 7.2479187e-09 0.000873548 6.1341465e-09 1.2942863e-08 2.7884198e-07 0.9991252
live_test/github_java/sort_function/10/102.java,0.043762370957960116,0.12018231703114898,307,285,398,0.7160804020100503,10,10,3.3499148e-06 3.4452463e-05 3.3530293e-07 2.8871116e-07 4.2001338e-07 0.047171097 2.9694297e-07 5.92752e-08 1.577454e-05 0.95277387
live_test/github_java/sort_function/10/74.java,0.017292641797128312,0.10222336274252342,421,372,887,0.41939120631341603,10,6,0.0012815068 0.00051870476 0.0010359888 0.0010974834 0.00027922614 0.92255527 0.00036135325 0.0006667619 0.0015698425 0.07063385
live_test/github_java/sort_function/10/56.java,0.008190918967941422,0.20397020888882053,351,329,353,0.9320113314447592,10,10,2.2491262e-11 1.0014586e-06 1.5487861e-12 3.5470938e-12 3.232291e-12 0.005356973 2.672329e-12 1.2225458e-12 2.2894614e-05 0.99461913
live_test/github_java/sort_function/10/38.java,0.0006610607836452611,0.19245027585154292,595,570,597,0.9547738693467337,10,10,3.171974e-11 2.934572e-06 1.1104024e-12 2.2034056e-12 8.980246e-13 4.483417e-05 8.419908e-13 3.053052e-12 1.2257247e-09 0.9999522
live_test/github_java/sort_function/10/32.java,0.02639406152115648,0.1909294773632565,298,273,300,0.91,10,10,6.0786783e-06 4.9903565e-06 5.1567085e-06 2.2404474e-06 8.8551303e-07 0.19838981 1.8660801e-06 2.3015625e-06 1.7496337e-05 0.8015692
live_test/github_java/sort_function/10/2.java,0.05490490433260328,0.17222382668701425,235,206,237,0.869198312236287,10,9,3.052337e-06 7.169005e-07 1.4899948e-07 1.6816104e-07 1.7214616e-06 0.009854771 5.102811e-07 2.0048894e-08 0.93464833 0.05549056
live_test/github_java/sort_function/10/29.java,0.03282624860084276,0.16051757339873177,433,397,435,0.9126436781609195,10,10,0.0084532 0.0944755 0.00017238261 2.8496468e-05 0.0004391692 0.17053159 0.0025366482 0.0004253295 0.014095612 0.70884204
live_test/github_java/sort_function/10/103.java,nan,0.044778175723409995,None,1,625,0.0016,10,10,1.176431e-09 1.2105018e-06 1.862469e-12 2.2425636e-12 3.8141395e-12 0.006516588 7.1955558e-12 2.6355049e-12 2.6932935e-07 0.99348193
live_test/github_java/sort_function/10/110.java,0.0011984732389964934,0.17149679908268653,689,657,691,0.9507959479015919,10,10,1.8391613e-10 5.8333586e-05 3.2145748e-11 1.5205653e-10 1.951859e-11 0.00034896398 2.2421582e-11 3.1317846e-10 3.1445733e-08 0.9995927
